#,Symbol
1,20MICRONS
2,21STCENMGM
3,360ONE
4,3IINFOLTD
5,3MINDIA
6,3PLAND
7,5PAISA
8,63MOONS
9,A2ZINFRA
10,AAATECH
11,AADHARHFC
12,AAKASH
13,AAREYDRUGS
14,AARON
15,AARTECH
16,AARTIDRUGS
17,AARTIIND
18,AARTIPHARM
19,AARTISURF
20,AARVI
21,AAVAS
22,ABAN
23,ABB
24,ABBOTINDIA
25,ABCAPITAL
26,ABCOTS
27,ABDL
28,ABFRL
29,ABINFRA
30,ABLBL
31,ABMINTLLTD
32,ABREL
33,ABSLAMC
34,ACC
35,ACCELYA
36,ACCURACY
37,ACE
38,ACEINTEG
39,ACI
40,ACL
41,ACMESOLAR
42,ACUTAAS
43,ADANIENSOL
44,ADANIENT
45,ADANIGREEN
46,ADANIPORTS
47,ADANIPOWER
48,ADFFOODS
49,ADL
50,ADOR
51,ADROITINFO
52,ADSL
53,ADVAIT
54,ADVANCE
55,ADVANIHOTR
56,ADVENTHTL
57,ADVENZYMES
58,AEGISLOG
59,AEGISVOPAK
60,AEQUS
61,AEROENTER
62,AEROFLEX
63,AERONEU
64,AETHER
65,AFCONS
66,AFFLE
67,AFFORDABLE
68,AFIL
69,AFSL
70,AGARIND
71,AGARWALEYE
72,AGI
73,AGIIL
74,AGRITECH
75,AGROPHOS
76,AGSTRA
77,AHCL
78,AHLADA
79,AHLEAST
80,AHLUCONT
81,AIAENG
82,AIIL
83,AIRAN
84,AIROLAM
85,AJANTPHARM
86,AJAXENGG
87,AJMERA
88,AJOONI
89,AKASH
90,AKG
91,AKI
92,AKSHAR
93,AKSHARCHEM
94,AKSHOPTFBR
95,AKUMS
96,AKZOINDIA
97,ALANKIT
98,ALBERTDAVD
99,ALEMBICLTD
100,ALGOQUANT
101,ALICON
102,ALIVUS
103,ALKALI
104,ALKEM
105,ALKYLAMINE
106,ALLCARGO
107,ALLDIGI
108,ALLTIME
109,ALMONDZ
110,ALOKINDS
111,ALPA
112,ALPHAGEO
113,AMAGI
114,AMANTA
115,AMBER
116,AMBICAAGAR
117,AMBIKCO
118,AMBUJACEM
119,AMDIND
120,AMJLAND
121,AMNPLST
122,AMRUTANJAN
123,ANANDRATHI
124,ANANTRAJ
125,ANDHRAPAP
126,ANDHRSUGAR
127,ANGELONE
128,ANIKINDS
129,ANKITMETAL
130,ANMOL
131,ANSALAPI
132,ANTELOPUS
133,ANTGRAPHIC
134,ANTHEM
135,ANUHPHR
136,ANUP
137,ANURAS
138,APARINDS
139,APCL
140,APCOTEXIND
141,APEX
142,APLAPOLLO
143,APLLTD
144,APOLLO
145,APOLLOHOSP
146,APOLLOPIPE
147,APOLLOTYRE
148,APOLSINHOT
149,APTECHT
150,APTUS
151,AQYLON
152,ARCHIDPLY
153,ARCHIES
154,ARE&M
155,ARENTERP
156,ARFIN
157,ARIES
158,ARIHANTCAP
159,ARIHANTSUP
160,ARIS
161,ARKADE
162,ARMANFIN
163,AROGRANITE
164,ARROWGREEN
165,ARSHIYA
166,ARSSBL
167,ARTEMISMED
168,ARTNIRMAN
169,ARVEE
170,ARVIND
171,ARVINDFASN
172,ARVSMART
173,ASAHIINDIA
174,ASAHISONG
175,ASAL
176,ASALCBR
177,ASHAPURMIN
178,ASHIANA
179,ASHIMASYN
180,ASHOKA
181,ASHOKAMET
182,ASHOKLEY
183,ASIANENE
184,ASIANHOTNR
185,ASIANPAINT
186,ASIANTILES
187,ASKAUTOLTD
188,ASMS
189,ASPINWALL
190,ASTEC
191,ASTERDM
192,ASTRAL
193,ASTRAMICRO
194,ASTRAZEN
195,ASTRON
196,ATALREAL
197,ATAM
198,ATGL
199,ATHERENERG
200,ATL
201,ATLANTAA
202,ATLANTAELE
203,ATLASCYCLE
204,ATUL
205,ATULAUTO
206,AUBANK
207,AURIGROW
208,AURIONPRO
209,AUROPHARMA
210,AURUM
211,AUSOMENT
212,AUTOAXLES
213,AUTOIND
214,AVADHSUGAR
215,AVALON
216,AVANTEL
217,AVANTIFEED
218,AVG
219,AVL
220,AVONMORE
221,AVROIND
222,AVTNPL
223,AWFIS
224,AWHCL
225,AWL
226,AXISBANK
227,AXISCADES
228,AXITA
229,AYE
230,AYMSYNTEX
231,AZAD
232,BAFNAPH
233,BAGFILMS
234,BAIDFIN
235,BAJAJ-AUTO
236,BAJAJCON
237,BAJAJELEC
238,BAJAJFINSV
239,BAJAJHCARE
240,BAJAJHFL
241,BAJAJHIND
242,BAJAJHLDNG
243,BAJAJINDEF
244,BAJEL
245,BAJFINANCE
246,BALAJEE
247,BALAJITELE
248,BALAMINES
249,BALAXI
250,BALKRISHNA
251,BALKRISIND
252,BALMLAWRIE
253,BALPHARMA
254,BALRAMCHIN
255,BALUFORGE
256,BANARBEADS
257,BANARISUG
258,BANCOINDIA
259,BANDHANBNK
260,BANG
261,BANKA
262,BANKBARODA
263,BANKINDIA
264,BANSALWIRE
265,BANSWRAS
266,BASF
267,BASML
268,BATAINDIA
269,BAYERCROP
270,BBL
271,BBOX
272,BBTC
273,BBTCL
274,BCG
275,BCLIND
276,BCONCEPTS
277,BDL
278,BEARDSELL
279,BECTORFOOD
280,BEDMUTHA
281,BEL
282,BELLACASA
283,BELRISE
284,BEML
285,BEPL
286,BERGEPAINT
287,BESTAGRO
288,BETA
289,BFINVEST
290,BFUTILITIE
291,BGRENERGY
292,BHAGCHEM
293,BHAGERIA
294,BHAGYANGR
295,BHANDARI
296,BHARATCOAL
297,BHARATFORG
298,BHARATGEAR
299,BHARATRAS
300,BHARATSE
301,BHARATWIRE
302,BHARTIARTL
303,BHARTIHEXA
304,BHEL
305,BIGBLOC
306,BIKAJI
307,BIL
308,BILVYAPAR
309,BIOCON
310,BIOFILCHEM
311,BIRLACABLE
312,BIRLACORPN
313,BIRLAMONEY
314,BIRLANU
315,BLACKBUCK
316,BLAL
317,BLBLIMITED
318,BLISSGVS
319,BLKASHYAP
320,BLS
321,BLSE
322,BLUECHIP
323,BLUECOAST
324,BLUEDART
325,BLUEJET
326,BLUESTARCO
327,BLUESTONE
328,BLUSPRING
329,BMWVENTLTD
330,BODALCHEM
331,BOHRAIND
332,BOMDYEING
333,BONLON
334,BORANA
335,BOROLTD
336,BORORENEW
337,BOROSCI
338,BOSCH-HCIL
339,BOSCHLTD
340,BPCL
341,BPL
342,BRIGADE
343,BRIGHOTEL
344,BRITANNIA
345,BRNL
346,BROOKS
347,BSE
348,BSHSL
349,BSL
350,BSOFT
351,BTML
352,BUILDPRO
353,BUTTERFLY
354,BVCL
355,BYKE
356,CALSOFT
357,CAMLINFINE
358,CAMPUS
359,CAMS
360,CANBK
361,CANFINHOME
362,CANHLIFE
363,CANTABIL
364,CAPACITE
365,CAPILLARY
366,CAPITALSFB
367,CAPLIPOINT
368,CAPTRUST
369,CARBORUNIV
370,CARERATING
371,CARRARO
372,CARTRADE
373,CARYSIL
374,CASTROLIND
375,CCAVENUE
376,CCCL
377,CCHHL
378,CCL
379,CDSL
380,CEATLTD
381,CEIGALL
382,CEINSYS
383,CELEBRITY
384,CELLO
385,CEMPRO
386,CENTENKA
387,CENTEXT
388,CENTRALBK
389,CENTRUM
390,CENTUM
391,CENTURYPLY
392,CERA
393,CEREBRAINT
394,CESC
395,CEWATER
396,CGCL
397,CGPOWER
398,CHALET
399,CHAMBLFERT
400,CHEMBOND
401,CHEMBONDCH
402,CHEMCON
403,CHEMFAB
404,CHEMPLASTS
405,CHENNPETRO
406,CHEVIOT
407,CHOICEIN
408,CHOLAFIN
409,CHOLAHLDNG
410,CIEINDIA
411,CIFL
412,CIGNITITEC
413,CINELINE
414,CINEVISTA
415,CIPLA
416,CLEAN
417,CLEDUCATE
418,CLSEL
419,CMSINFO
420,CNL
421,COALINDIA
422,COASTCORP
423,COCHINSHIP
424,COFFEEDAY
425,COFORGE
426,COHANCE
427,COLPAL
428,COMPINFO
429,COMPUSOFT
430,COMSYN
431,CONCOR
432,CONCORDBIO
433,CONFIPET
434,CONSOFINVT
435,CONTROLPR
436,CORALFINAC
437,CORDSCABLE
438,COROMANDEL
439,CORONA
440,COSMOFIRST
441,COUNCODOS
442,CPCAP
443,CPEDU
444,CPPLUS
445,CRAFTSMAN
446,CRAMC
447,CREATIVEYE
448,CREDITACC
449,CREST
450,CRISIL
451,CRIZAC
452,CROMPTON
453,CROWN
454,CSBBANK
455,CSLFINANCE
456,CTE
457,CUB
458,CUBEXTUB
459,CUMMINSIND
460,CUPID
461,CURAA
462,CYBERMEDIA
463,CYBERTECH
464,CYIENT
465,CYIENTDLM
466,DABUR
467,DALBHARAT
468,DALMIASUG
469,DAMCAPITAL
470,DAMODARIND
471,DANGEE
472,DATAMATICS
473,DATAPATTNS
474,DAVANGERE
475,DBCORP
476,DBEIL
477,DBL
478,DBOL
479,DBREALTY
480,DBSTOCKBRO
481,DCAL
482,DCBBANK
483,DCI
484,DCM
485,DCMFINSERV
486,DCMNVL
487,DCMSHRIRAM
488,DCMSIL
489,DCMSRIND
490,DCW
491,DCXINDIA
492,DDEVPLSTIK
493,DECCANCE
494,DEEDEV
495,DEEPAKFERT
496,DEEPAKNTR
497,DEEPINDS
498,DELHIVERY
499,DELPHIFX
500,DELTACORP
501,DELTAMAGNT
502,DEN
503,DENORA
504,DENTA
505,DEVIT
506,DEVX
507,DEVYANI
508,DGCONTENT
509,DHAMPURSUG
510,DHANBANK
511,DHANUKA
512,DHARAN
513,DHARMAJ
514,DHRUV
515,DHUNINV
516,DIACABS
517,DIAMINESQ
518,DIAMONDYD
519,DICIND
520,DIFFNKG
521,DIGIDRIVE
522,DIGISPICE
523,DIGITIDE
524,DIGJAMLMTD
525,DISHTV
526,DIVGIITTS
527,DIVISLAB
528,DIXON
529,DJML
530,DLF
531,DLINKINDIA
532,DMART
533,DMCC
534,DNAMEDIA
535,DODLA
536,DOLATALGO
537,DOLLAR
538,DOLPHIN
539,DOMS
540,DONEAR
541,DPABHUSHAN
542,DPSCLTD
543,DPWIRES
544,DRCSYSTEMS
545,DREAMFOLKS
546,DREDGECORP
547,DRREDDY
548,DSFCL
549,DSSL
550,DTIL
551,DUCON
552,DVL
553,DWARKESH
554,DYCL
555,DYNAMATECH
556,DYNPRO
557,E2E
558,EASEMYTRIP
559,EASTSILK
560,EBGNG
561,ECLERX
562,ECOSMOBLTY
563,EDELWEISS
564,EFCIL
565,EICHERMOT
566,EIDPARRY
567,EIEL
568,EIFFL
569,EIHAHOTELS
570,EIHOTEL
571,EIMCOELECO
572,EKC
573,ELDEHSG
574,ELECON
575,ELECTCAST
576,ELECTHERM
577,ELGIEQUIP
578,ELGIRUBCO
579,ELIN
580,ELLEN
581,EMAMILTD
582,EMAMIPAP
583,EMAMIREAL
584,EMBDL
585,EMCURE
586,EMIL
587,EMKAY
588,EMMBI
589,EMMVEE
590,EMSLIMITED
591,EMUDHRA
592,ENDURANCE
593,ENERGYDEV
594,ENGINERSIN
595,ENIL
596,ENRIN
597,ENTERO
598,EPACK
599,EPACKPEB
600,EPIGRAL
601,EPL
602,EQUIPPP
603,EQUITASBNK
604,ERIS
605,ESABINDIA
606,ESAFSFB
607,ESCORTS
608,ESSARSHPNG
609,ESSENTIA
610,ESTER
611,ETERNAL
612,ETHOSLTD
613,EUREKAFORB
614,EUROBOND
615,EUROPRATIK
616,EUROTEXIND
617,EVEREADY
618,EVERESTIND
619,EXCEL
620,EXCELINDUS
621,EXCELSOFT
622,EXICOM
623,EXIDEIND
624,EXPLEOSOL
625,EXXARO
626,FABTECH
627,FACT
628,FAIRCHEMOR
629,FAZE3Q
630,FCL
631,FCSSOFT
632,FDC
633,FEDERALBNK
634,FEDFINA
635,FEL
636,FELDVR
637,FIBERWEB
638,FIEMIND
639,FILATEX
640,FILATFASH
641,FINCABLES
642,FINEORG
643,FINKURVE
644,FINOPB
645,FINPIPE
646,FIRSTCRY
647,FISCHER
648,FIVESTAR
649,FLAIR
650,FLEXITUFF
651,FLFL
652,FLUOROCHEM
653,FMGOETZE
654,FMNL
655,FOCUS
656,FOODSIN
657,FORCEMOT
658,FORTIS
659,FOSECOIND
660,FRACTAL
661,FSL
662,FUSION
663,GABRIEL
664,GAEL
665,GAIL
666,GALAPREC
667,GALAXYSURF
668,GALLANTT
669,GANDHAR
670,GANDHITUBE
671,GANECOS
672,GANESHBE
673,GANESHCP
674,GANESHHOU
675,GANGAFORGE
676,GANGESSECU
677,GARFIBRES
678,GARUDA
679,GATECH
680,GATECHDVR
681,GATEWAY
682,GAYAHWS
683,GCSL
684,GEECEE
685,GEEKAYWIRE
686,GEMAROMA
687,GENCON
688,GENESYS
689,GENUSPAPER
690,GENUSPOWER
691,GEOJITFSL
692,GESHIP
693,GFLLIMITED
694,GHCL
695,GHCLTEXTIL
696,GICHSGFIN
697,GICL
698,GICRE
699,GILLANDERS
700,GILLETTE
701,GINNIFILA
702,GIPCL
703,GKENERGY
704,GKSL
705,GKWLIMITED
706,GLAND
707,GLAXO
708,GLENMARK
709,GLFL
710,GLOBAL
711,GLOBALE
712,GLOBALVECT
713,GLOBE
714,GLOBECIVIL
715,GLOBUSSPR
716,GLOSTERLTD
717,GLOTTIS
718,GMBREW
719,GMDCLTD
720,GMMPFAUDLR
721,GMRAIRPORT
722,GMRP&UI
723,GNA
724,GNFC
725,GOACARBON
726,GOCLCORP
727,GOCOLORS
728,GODAVARIB
729,GODFRYPHLP
730,GODIGIT
731,GODREJAGRO
732,GODREJCP
733,GODREJIND
734,GODREJPROP
735,GOKEX
736,GOKUL
737,GOKULAGRO
738,GOLDENTOBC
739,GOLDIAM
740,GOLDTECH
741,GOODLUCK
742,GOPAL
743,GOYALALUM
744,GPIL
745,GPPL
746,GPTHEALTH
747,GPTINFRA
748,GRANULES
749,GRAPHITE
750,GRASIM
751,GRAVITA
752,GREAVESCOT
753,GREENLAM
754,GREENPANEL
755,GREENPLY
756,GREENPOWER
757,GRINDWELL
758,GRINFRA
759,GRMOVER
760,GROBTEA
761,GROWW
762,GRPLTD
763,GRSE
764,GRWRHITECH
765,GSFC
766,GSLSU
767,GSPL
768,GSS
769,GTECJAINX
770,GTL
771,GTLINFRA
772,GTPL
773,GUFICBIO
774,GUJALKALI
775,GUJAPOLLO
776,GUJGASLTD
777,GUJRAFFIA
778,GUJTHEM
779,GULFOILLUB
780,GULFPETRO
781,GULPOLY
782,GVKPIL
783,GVPIL
784,GVPTECH
785,GVT&D
786,HAL
787,HALDER
788,HALEOSLABS
789,HAPPSTMNDS
790,HAPPYFORGE
791,HARDWYN
792,HARIOMPIPE
793,HARRMALAYA
794,HARSHA
795,HATHWAY
796,HATSUN
797,HAVELLS
798,HAVISHA
799,HBLENGINE
800,HBSL
801,HCC
802,HCG
803,HCL-INSYS
804,HCLTECH
805,HDBFS
806,HDFCAMC
807,HDFCBANK
808,HDFCLIFE
809,HEADSUP
810,HECPROJECT
811,HEG
812,HEIDELBERG
813,HEMIPROP
814,HERANBA
815,HERITGFOOD
816,HEROMOTOCO
817,HESTERBIO
818,HEXATRADEX
819,HEXT
820,HFCL
821,HGINFRA
822,HGM
823,HGS
824,HIKAL
825,HILINFRA
826,HILTON
827,HIMATSEIDE
828,HINDALCO
829,HINDCOMPOS
830,HINDCON
831,HINDCOPPER
832,HINDOILEXP
833,HINDPETRO
834,HINDUNILVR
835,HINDWAREAP
836,HINDZINC
837,HIRECT
838,HISARMETAL
839,HITECH
840,HITECHCORP
841,HITECHGEAR
842,HLEGLAS
843,HLVLTD
844,HMAAGRO
845,HMT
846,HMVL
847,HNDFDS
848,HOMEFIRST
849,HONASA
850,HONAUT
851,HONDAPOWER
852,HPAL
853,HPIL
854,HPL
855,HSCL
856,HTMEDIA
857,HUBTOWN
858,HUDCO
859,HUHTAMAKI
860,HYBRIDFIN
861,HYUNDAI
862,IBULLSLTD
863,ICDSLTD
864,ICEMAKE
865,ICICIAMC
866,ICICIBANK
867,ICICIGI
868,ICICIPRULI
869,ICIL
870,ICRA
871,IDBI
872,IDEA
873,IDEAFORGE
874,IDFCFIRSTB
875,IEX
876,IFBAGRO
877,IFBIND
878,IFCI
879,IFGLEXPOR
880,IGARASHI
881,IGCL
882,IGIL
883,IGL
884,IGPL
885,IIFL
886,IIFLCAPS
887,IITL
888,IKIO
889,IKS
890,IL&FSENGG
891,IL&FSTRANS
892,IMAGICAA
893,IMFA
894,IMPAL
895,IMPEXFERRO
896,INCREDIBLE
897,INDBANK
898,INDGN
899,INDHOTEL
900,INDIACEM
901,INDIAGLYCO
902,INDIAMART
903,INDIANB
904,INDIANCARD
905,INDIANHUME
906,INDIASHLTR
907,INDIGO
908,INDIGOPNTS
909,INDIQUBE
910,INDNIPPON
911,INDOAMIN
912,INDOBORAX
913,INDOCO
914,INDOFARM
915,INDORAMA
916,INDOSTAR
917,INDOTECH
918,INDOTHAI
919,INDOUS
920,INDOWIND
921,INDRAMEDCO
922,INDSWFTLAB
923,INDTERRAIN
924,INDUSINDBK
925,INDUSTOWER
926,INFOBEAN
927,INFOMEDIA
928,INFY
929,INGERRAND
930,INNOVACAP
931,INNOVANA
932,INOXGREEN
933,INOXINDIA
934,INOXWIND
935,INSECTICID
936,INSPIRISYS
937,INTELLECT
938,INTENTECH
939,INTERARCH
940,INTLCONV
941,INVENTURE
942,IOB
943,IOC
944,IOLCP
945,IONEXCHANG
946,IPCALAB
947,IPL
948,IRB
949,IRCON
950,IRCTC
951,IREDA
952,IRFC
953,IRIS
954,IRISDOREME
955,IRMENERGY
956,ISFT
957,ISGEC
958,ISHANCH
959,ITC
960,ITCHOTELS
961,ITDC
962,ITI
963,IVALUE
964,IVC
965,IVP
966,IXIGO
967,IZMO
968,J&KBANK
969,JAGRAN
970,JAGSNPHARM
971,JAIBALAJI
972,JAICORPLTD
973,JAINREC
974,JAIPURKURT
975,JAMNAAUTO
976,JARO
977,JASH
978,JAYAGROGN
979,JAYBARMARU
980,JAYKAY
981,JAYNECOIND
982,JAYSREETEA
983,JBCHEPHARM
984,JBMA
985,JETFREIGHT
986,JGCHEM
987,JHS
988,JINDALPHOT
989,JINDALPOLY
990,JINDALSAW
991,JINDALSTEL
992,JINDRILL
993,JINDWORLD
994,JIOFIN
995,JISLDVREQS
996,JISLJALEQS
997,JITFINFRA
998,JKCEMENT
999,JKIL
1000,JKIPL
1001,JKLAKSHMI
1002,JKPAPER
1003,JKTYRE
1004,JLHL
1005,JMA
1006,JMFINANCIL
1007,JNKINDIA
1008,JOCIL
1009,JPASSOCIAT
1010,JPOLYINVST
1011,JPPOWER
1012,JSFB
1013,JSL
1014,JSLL
1015,JSWCEMENT
1016,JSWENERGY
1017,JSWHL
1018,JSWINFRA
1019,JSWSTEEL
1020,JTEKTINDIA
1021,JTLIND
1022,JUBLCPL
1023,JUBLFOOD
1024,JUBLINGREA
1025,JUBLPHARMA
1026,JUNIPER
1027,JUSTDIAL
1028,JWL
1029,JYOTHYLAB
1030,JYOTICNC
1031,JYOTISTRUC
1032,KABRAEXTRU
1033,KAJARIACER
1034,KAKATCEM
1035,KALAMANDIR
1036,KALPATARU
1037,KALYANI
1038,KALYANIFRG
1039,KALYANKJIL
1040,KAMATHOTEL
1041,KAMDHENU
1042,KAMOPAINTS
1043,KANANIIND
1044,KANORICHEM
1045,KANPRPLA
1046,KANSAINER
1047,KAPSTON
1048,KARMAENG
1049,KARURVYSYA
1050,KAUSHALYA
1051,KAVDEFENCE
1052,KAYA
1053,KAYNES
1054,KCP
1055,KCPSUGIND
1056,KDDL
1057,KEC
1058,KECL
1059,KEEPLEARN
1060,KEI
1061,KELLTONTEC
1062,KERNEX
1063,KESORAMIND
1064,KEYFINSERV
1065,KFINTECH
1066,KHADIM
1067,KHAICHEM
1068,KHAITANLTD
1069,KHANDSE
1070,KICL
1071,KILITCH
1072,KIMS
1073,KINGFA
1074,KIOCL
1075,KIRIINDUS
1076,KIRLOSBROS
1077,KIRLOSENG
1078,KIRLOSIND
1079,KIRLPNU
1080,KITEX
1081,KKCL
1082,KMEW
1083,KMSUGAR
1084,KNAGRI
1085,KNRCON
1086,KOHINOOR
1087,KOKUYOCMLN
1088,KOLTEPATIL
1089,KOPRAN
1090,KOTAKBANK
1091,KOTARISUG
1092,KOTHARIPET
1093,KOTHARIPRO
1094,KPEL
1095,KPIGREEN
1096,KPIL
1097,KPITTECH
1098,KPRMILL
1099,KRBL
1100,KREBSBIO
1101,KRIDHANINF
1102,KRISHANA
1103,KRISHIVAL
1104,KRISHNADEF
1105,KRITI
1106,KRITIKA
1107,KRITINUT
1108,KRN
1109,KRONOX
1110,KROSS
1111,KRSNAA
1112,KRYSTAL
1113,KSB
1114,KSCL
1115,KSHINTL
1116,KSHITIJPOL
1117,KSL
1118,KSOLVES
1119,KSR
1120,KTKBANK
1121,KUANTUM
1122,KWIL
1123,LAGNAM
1124,LAKPRE
1125,LAL
1126,LALPATHLAB
1127,LAMBODHARA
1128,LANCORHOL
1129,LANDMARK
1130,LAOPALA
1131,LASA
1132,LATENTVIEW
1133,LATTEYS
1134,LAURUSLABS
1135,LAXMICOT
1136,LAXMIDENTL
1137,LAXMIINDIA
1138,LCCINFOTEC
1139,LEMERITE
1140,LEMONTREE
1141,LENSKART
1142,LEXUS
1143,LFIC
1144,LGBBROSLTD
1145,LGEINDIA
1146,LGHL
1147,LIBAS
1148,LIBERTSHOE
1149,LICHSGFIN
1150,LICI
1151,LIKHITHA
1152,LINC
1153,LINCOLN
1154,LINDEINDIA
1155,LLOYDSENGG
1156,LLOYDSENT
1157,LLOYDSME
1158,LMW
1159,LODHA
1160,LOKESHMACH
1161,LORDSCHLO
1162,LOTUSDEV
1163,LOTUSEYE
1164,LOVABLE
1165,LOYALTEX
1166,LPDC
1167,LT
1168,LTF
1169,LTFOODS
1170,LTIM
1171,LTTS
1172,LUMAXIND
1173,LUMAXTECH
1174,LUPIN
1175,LUXIND
1176,LXCHEM
1177,LYKALABS
1178,LYPSAGEMS
1179,M&M
1180,M&MFIN
1181,MAANALU
1182,MACPOWER
1183,MADHAV
1184,MADHUCON
1185,MADRASFERT
1186,MAGADSUGAR
1187,MAGNUM
1188,MAHABANK
1189,MAHAPEXLTD
1190,MAHASTEEL
1191,MAHEPC
1192,MAHESHWARI
1193,MAHLIFE
1194,MAHLOG
1195,MAHSCOOTER
1196,MAHSEAMLES
1197,MAITHANALL
1198,MALLCOM
1199,MALUPAPER
1200,MAMATA
1201,MANAKALUCO
1202,MANAKCOAT
1203,MANAKSIA
1204,MANAKSTEEL
1205,MANALIPETC
1206,MANAPPURAM
1207,MANBA
1208,MANCREDIT
1209,MANGALAM
1210,MANGLMCEM
1211,MANINDS
1212,MANINFRA
1213,MANKIND
1214,MANOMAY
1215,MANORAMA
1216,MANORG
1217,MANUGRAPH
1218,MANYAVAR
1219,MAPMYINDIA
1220,MARALOVER
1221,MARATHON
1222,MARICO
1223,MARINE
1224,MARKOLINES
1225,MARKSANS
1226,MARUTI
1227,MASFIN
1228,MASKINVEST
1229,MASTEK
1230,MASTERTR
1231,MATRIMONY
1232,MAWANASUG
1233,MAXESTATES
1234,MAXHEALTH
1235,MAXIND
1236,MAYURUNIQ
1237,MAZDA
1238,MAZDOCK
1239,MBAPL
1240,MBEL
1241,MBLINFRA
1242,MCL
1243,MCLEODRUSS
1244,MCLOUD
1245,MCX
1246,MEDANTA
1247,MEDIASSIST
1248,MEDICAMEQ
1249,MEDICO
1250,MEDPLUS
1251,MEESHO
1252,MEGASTAR
1253,MEIL
1254,MENONBE
1255,MEP
1256,METROBRAND
1257,METROPOLIS
1258,MFML
1259,MFSL
1260,MGEL
1261,MGL
1262,MHLXMIRU
1263,MHRIL
1264,MICEL
1265,MIDHANI
1266,MIDWESTLTD
1267,MINDACORP
1268,MINDTECK
1269,MIRCELECTR
1270,MIRZAINT
1271,MITCON
1272,MITTAL
1273,MKPL
1274,MMFL
1275,MMP
1276,MMTC
1277,MOBIKWIK
1278,MODINATUR
1279,MODIRUBBER
1280,MODIS
1281,MODISONLTD
1282,MODTHREAD
1283,MOHITIND
1284,MOIL
1285,MOKSH
1286,MOL
1287,MOLDTECH
1288,MOLDTKPAC
1289,MONARCH
1290,MONEYBOXX
1291,MONTECARLO
1292,MORARJEE
1293,MOREPENLAB
1294,MOSCHIP
1295,MOTHERSON
1296,MOTILALOFS
1297,MOTISONS
1298,MOTOGENFIN
1299,MPHASIS
1300,MPSLTD
1301,MRF
1302,MRPL
1303,MSPL
1304,MSTCLTD
1305,MSUMI
1306,MTARTECH
1307,MTEDUCARE
1308,MTNL
1309,MUFIN
1310,MUFTI
1311,MUKANDLTD
1312,MUKKA
1313,MUKTAARTS
1314,MUNJALAU
1315,MUNJALSHOW
1316,MURUDCERA
1317,MUTHOOTCAP
1318,MUTHOOTFIN
1319,MUTHOOTMF
1320,MVGJL
1321,MWL
1322,NACLIND
1323,NAGAFERT
1324,NAGREEKCAP
1325,NAGREEKEXP
1326,NAHARCAP
1327,NAHARINDUS
1328,NAHARPOLY
1329,NAHARSPING
1330,NAM-INDIA
1331,NARMADA
1332,NATCAPSUQ
1333,NATCOPHARM
1334,NATHBIOGEN
1335,NATIONALUM
1336,NAUKRI
1337,NAVA
1338,NAVINFLUOR
1339,NAVKARCORP
1340,NAVKARURB
1341,NAVNETEDUL
1342,NAZARA
1343,NBCC
1344,NBIFIN
1345,NCC
1346,NCLIND
1347,NDGL
1348,NDL
1349,NDLVENTURE
1350,NDRAUTO
1351,NDTV
1352,NECCLTD
1353,NECLIFE
1354,NELCAST
1355,NELCO
1356,NEOGEN
1357,NEPHROPLUS
1358,NESCO
1359,NESTLEIND
1360,NETWEB
1361,NETWORK18
1362,NEULANDLAB
1363,NEWGEN
1364,NEXTMEDIA
1365,NFL
1366,NGIL
1367,NGLFINE
1368,NH
1369,NHPC
1370,NIACL
1371,NIBE
1372,NIBL
1373,NIITLTD
1374,NIITMTS
1375,NILAINFRA
1376,NILASPACES
1377,NILKAMAL
1378,NINSYS
1379,NIPPOBATRY
1380,NIRAJ
1381,NIRAJISPAT
1382,NITCO
1383,NITINSPIN
1384,NITIRAJ
1385,NIVABUPA
1386,NKIND
1387,NLCINDIA
1388,NMDC
1389,NOCIL
1390,NOIDATOLL
1391,NORBTEAEXP
1392,NORTHARC
1393,NOVAAGRI
1394,NPST
1395,NRAIL
1396,NRBBEARING
1397,NRL
1398,NSIL
1399,NSLNISP
1400,NTPC
1401,NTPCGREEN
1402,NUCLEUS
1403,NURECA
1404,NUVAMA
1405,NUVOCO
1406,NYKAA
1407,OAL
1408,OBCL
1409,OBEROIRLTY
1410,OCCLLTD
1411,ODIGMA
1412,OFSS
1413,OIL
1414,OILCOUNTUB
1415,OLAELEC
1416,OLECTRA
1417,OMAXAUTO
1418,OMAXE
1419,OMFREIGHT
1420,OMINFRAL
1421,OMKARCHEM
1422,ONELIFECAP
1423,ONEPOINT
1424,ONESOURCE
1425,ONGC
1426,ONMOBILE
1427,ONWARDTEC
1428,OPTIEMUS
1429,ORBTEXP
1430,ORCHASP
1431,ORCHPHARMA
1432,ORICONENT
1433,ORIENTALTL
1434,ORIENTBELL
1435,ORIENTCEM
1436,ORIENTCER
1437,ORIENTELEC
1438,ORIENTHOT
1439,ORIENTLTD
1440,ORIENTPPR
1441,ORIENTTECH
1442,ORISSAMINE
1443,ORKLAINDIA
1444,ORTEL
1445,ORTINGLOBE
1446,OSIAHYPER
1447,OSWALAGRO
1448,OSWALGREEN
1449,OSWALPUMPS
1450,OSWALSEEDS
1451,PACEDIGITK
1452,PAGEIND
1453,PAISALO
1454,PAKKA
1455,PALASHSECU
1456,PALREDTEC
1457,PANACEABIO
1458,PANACHE
1459,PANAMAPET
1460,PANSARI
1461,PAR
1462,PARACABLES
1463,PARADEEP
1464,PARAGMILK
1465,PARAS
1466,PARASPETRO
1467,PARKHOSPS
1468,PARKHOTELS
1469,PARSVNATH
1470,PASHUPATI
1471,PASUPTAC
1472,PATANJALI
1473,PATELENG
1474,PATELRMART
1475,PATINTLOG
1476,PAUSHAKLTD
1477,PAVNAIND
1478,PAYTM
1479,PCBL
1480,PCJEWELLER
1481,PDMJEPAPER
1482,PDSL
1483,PEARLPOLY
1484,PENIND
1485,PENINLAND
1486,PERSISTENT
1487,PETRONET
1488,PFC
1489,PFIZER
1490,PFOCUS
1491,PFS
1492,PGEL
1493,PGHH
1494,PGHL
1495,PGIL
1496,PHOENIXLTD
1497,PICCADIL
1498,PIDILITIND
1499,PIGL
1500,PIIND
1501,PILANIINVS
1502,PILITA
1503,PINELABS
1504,PIONEEREMB
1505,PIRAMALFIN
1506,PITTIENG
1507,PIXTRANS
1508,PKTEA
1509,PLASTIBLEN
1510,PLATIND
1511,PLAZACABLE
1512,PNB
1513,PNBGILTS
1514,PNBHOUSING
1515,PNC
1516,PNCINFRA
1517,PNGJL
1518,POCL
1519,PODDARMENT
1520,POKARNA
1521,POLICYBZR
1522,POLYCAB
1523,POLYMED
1524,POLYPLEX
1525,PONNIERODE
1526,POONAWALLA
1527,POWERGRID
1528,POWERINDIA
1529,POWERMECH
1530,PPAP
1531,PPL
1532,PPLPHARMA
1533,PRABHA
1534,PRAENG
1535,PRAJIND
1536,PRAKASH
1537,PRAKASHSTL
1538,PRAXIS
1539,PRECAM
1540,PRECOT
1541,PRECWIRE
1542,PREMEXPLN
1543,PREMIER
1544,PREMIERENE
1545,PREMIERPOL
1546,PRESTIGE
1547,PRICOLLTD
1548,PRIMESECU
1549,PRIMO
1550,PRINCEPIPE
1551,PRITI
1552,PRITIKAUTO
1553,PRIVISCL
1554,PROSTARM
1555,PROTEAN
1556,PROZONER
1557,PRSMJOHNSN
1558,PRUDENT
1559,PRUDMOULI
1560,PSB
1561,PSPPROJECT
1562,PTC
1563,PTCIL
1564,PTL
1565,PUNJABCHEM
1566,PURVA
1567,PVP
1568,PVRINOX
1569,PVSL
1570,PWL
1571,PYRAMID
1572,QPOWER
1573,QUADFUTURE
1574,QUESS
1575,QUICKHEAL
1576,RACE
1577,RACLGEAR
1578,RADAAN
1579,RADHIKAJWE
1580,RADIANTCMS
1581,RADICO
1582,RADIOCITY
1583,RAILTEL
1584,RAIN
1585,RAINBOW
1586,RAJESHEXPO
1587,RAJMET
1588,RAJOOENG
1589,RAJRATAN
1590,RAJRILTD
1591,RAJSREESUG
1592,RAJTV
1593,RALLIS
1594,RAMANEWS
1595,RAMAPHO
1596,RAMASTEEL
1597,RAMCOCEM
1598,RAMCOIND
1599,RAMCOSYS
1600,RAMKY
1601,RAMRAT
1602,RANASUG
1603,RANEHOLDIN
1604,RATEGAIN
1605,RATNAMANI
1606,RATNAVEER
1607,RAYMOND
1608,RAYMONDLSL
1609,RAYMONDREL
1610,RBA
1611,RBLBANK
1612,RBZJEWEL
1613,RCF
1614,RCOM
1615,RECLTD
1616,REDINGTON
1617,REDTAPE
1618,REFEX
1619,REGAAL
1620,REGENCERAM
1621,RELAXO
1622,RELCHEMQ
1623,RELIABLE
1624,RELIANCE
1625,RELIGARE
1626,RELINFRA
1627,RELTD
1628,REMSONSIND
1629,RENUKA
1630,REPCOHOME
1631,REPL
1632,REPRO
1633,RESPONIND
1634,RETAIL
1635,RGL
1636,RHETAN
1637,RHFL
1638,RHIM
1639,RHL
1640,RICOAUTO
1641,RIIL
1642,RISHABH
1643,RITCO
1644,RITES
1645,RKDL
1646,RKEC
1647,RKFORGE
1648,RKSWAMY
1649,RMDRIP
1650,RML
1651,RNBDENIMS
1652,ROHLTD
1653,ROLEXRINGS
1654,ROLLT
1655,ROML
1656,ROSSARI
1657,ROSSELLIND
1658,ROSSTECH
1659,ROTO
1660,ROUTE
1661,RPEL
1662,RPGLIFE
1663,RPOWER
1664,RPPINFRA
1665,RPPL
1666,RPSGVENT
1667,RPTECH
1668,RRKABEL
1669,RSSOFTWARE
1670,RSWM
1671,RSYSTEMS
1672,RTNINDIA
1673,RTNPOWER
1674,RUBFILA
1675,RUBICON
1676,RUBYMILLS
1677,RUCHINFRA
1678,RUCHIRA
1679,RUDRA
1680,RUPA
1681,RUSHIL
1682,RUSTOMJEE
1683,RVHL
1684,RVNL
1685,RVTH
1686,S&SPOWER
1687,SAATVIKGL
1688,SABEVENTS
1689,SADBHAV
1690,SADBHIN
1691,SADHNANIQ
1692,SAFARI
1693,SAGARDEEP
1694,SAGCEM
1695,SAGILITY
1696,SAHYADRI
1697,SAIL
1698,SAILIFE
1699,SAKAR
1700,SAKHTISUG
1701,SAKSOFT
1702,SAKUMA
1703,SALASAR
1704,SALONA
1705,SALSTEEL
1706,SALZERELEC
1707,SAMBHAAV
1708,SAMBHV
1709,SAMHI
1710,SAMMAANCAP
1711,SAMPANN
1712,SANATHAN
1713,SANCO
1714,SANDESH
1715,SANDHAR
1716,SANDUMA
1717,SANGAMIND
1718,SANGHIIND
1719,SANGHVIMOV
1720,SANGINITA
1721,SANOFI
1722,SANOFICONR
1723,SANSERA
1724,SANSTAR
1725,SANWARIA
1726,SAPPHIRE
1727,SARDAEN
1728,SAREGAMA
1729,SARLAPOLY
1730,SARVESHWAR
1731,SASKEN
1732,SASTASUNDR
1733,SATIA
1734,SATIN
1735,SAURASHCEM
1736,SBC
1737,SBCL
1738,SBFC
1739,SBGLP
1740,SBICARD
1741,SBILIFE
1742,SBIN
1743,SCHAEFFLER
1744,SCHAND
1745,SCHNEIDER
1746,SCI
1747,SCILAL
1748,SCODATUBES
1749,SCPL
1750,SDBL
1751,SEAMECLTD
1752,SECMARK
1753,SECURKLOUD
1754,SEJALLTD
1755,SELMC
1756,SEMAC
1757,SENCO
1758,SENORES
1759,SEPC
1760,SERVOTECH
1761,SESHAPAPER
1762,SETCO
1763,SETL
1764,SETUINFRA
1765,SEYAIND
1766,SFL
1767,SGFIN
1768,SGIL
1769,SGL
1770,SGMART
1771,SHADOWFAX
1772,SHAH
1773,SHAHALLOYS
1774,SHAILY
1775,SHAKTIPUMP
1776,SHALBY
1777,SHALPAINTS
1778,SHANKARA
1779,SHANTI
1780,SHANTIGEAR
1781,SHANTIGOLD
1782,SHARDACROP
1783,SHARDAMOTR
1784,SHAREINDIA
1785,SHEKHAWATI
1786,SHEMAROO
1787,SHILCTECH
1788,SHILPAMED
1789,SHIVALIK
1790,SHIVAMAUTO
1791,SHIVAMILLS
1792,SHIVATEX
1793,SHIVAUM
1794,SHK
1795,SHOPERSTOP
1796,SHRADHA
1797,SHREDIGCEM
1798,SHREECEM
1799,SHREEJISPG
1800,SHREEPUSHK
1801,SHREERAMA
1802,SHRENIK
1803,SHREYANIND
1804,SHRINGARMS
1805,SHRIPISTON
1806,SHRIRAMFIN
1807,SHRIRAMPPS
1808,SHYAMCENT
1809,SHYAMMETL
1810,SHYAMTEL
1811,SICALLOG
1812,SIEMENS
1813,SIGACHI
1814,SIGIND
1815,SIGMA
1816,SIGMAADV
1817,SIGNATURE
1818,SIGNPOST
1819,SIKKO
1820,SIL
1821,SILGO
1822,SILINV
1823,SILLYMONKS
1824,SILVERTUC
1825,SIMBHALS
1826,SIMPLEXINF
1827,SINCLAIR
1828,SINDHUTRAD
1829,SINTERCOM
1830,SIRCA
1831,SIS
1832,SITINET
1833,SIYSIL
1834,SJS
1835,SJVN
1836,SKFINDIA
1837,SKFINDUS
1838,SKIPPER
1839,SKMEGGPROD
1840,SKYGOLD
1841,SMARTLINK
1842,SMARTWORKS
1843,SMCGLOBAL
1844,SMLMAH
1845,SMLT
1846,SMSPHARMA
1847,SNOWMAN
1848,SOBHA
1849,SOFTTECH
1850,SOLARA
1851,SOLARINDS
1852,SOLARWORLD
1853,SOLEX
1854,SOMANYCERA
1855,SOMATEX
1856,SOMICONVEY
1857,SONACOMS
1858,SONAMLTD
1859,SONATSOFTW
1860,SOTL
1861,SOUTHBANK
1862,SOUTHWEST
1863,SPAL
1864,SPANDANA
1865,SPARC
1866,SPCENET
1867,SPECIALITY
1868,SPECTRUM
1869,SPENCERS
1870,SPIC
1871,SPLIL
1872,SPLPETRO
1873,SPMLINFRA
1874,SPORTKING
1875,SRD
1876,SREEL
1877,SRF
1878,SRGHFL
1879,SRHHYPOLTD
1880,SRM
1881,SSDL
1882,SSWL
1883,STALL-RE
1884,STALLION
1885,STANLEY
1886,STAR
1887,STARCEMENT
1888,STARHEALTH
1889,STARPAPER
1890,STARTECK
1891,STCINDIA
1892,STEELCAS
1893,STEELCITY
1894,STEELXIND
1895,STEL
1896,STERTOOLS
1897,STLNETWORK
1898,STLTECH
1899,STOVEKRAFT
1900,STUDDS
1901,STYL
1902,STYLAMIND
1903,STYLEBAAZA
1904,STYRENIX
1905,SUBEXLTD
1906,SUBROS
1907,SUDARCOLOR
1908,SUDARSCHEM
1909,SUDEEPPHRM
1910,SUKHJITS
1911,SULA
1912,SUMEETINDS
1913,SUMICHEM
1914,SUMIT
1915,SUMMITSEC
1916,SUNCLAY
1917,SUNDARAM
1918,SUNDARMFIN
1919,SUNDRMBRAK
1920,SUNDRMFAST
1921,SUNDROP
1922,SUNFLAG
1923,SUNPHARMA
1924,SUNTECK
1925,SUNTV
1926,SUPERHOUSE
1927,SUPERSPIN
1928,SUPRAJIT
1929,SUPREME
1930,SUPREMEENG
1931,SUPREMEIND
1932,SUPREMEINF
1933,SUPRIYA
1934,SURAJEST
1935,SURAJLTD
1936,SURAKSHA
1937,SURANASOL
1938,SURANAT&P
1939,SURYALAXMI
1940,SURYAROSNI
1941,SURYODAY
1942,SUTLEJTEX
1943,SUVEN
1944,SUVIDHAA
1945,SUYOG
1946,SUZLON
1947,SVLL
1948,SVPGLOB
1949,SWANCORP
1950,SWARAJENG
1951,SWELECTES
1952,SWIGGY
1953,SWSOLAR
1954,SYMPHONY
1955,SYNCOMF
1956,SYNGENE
1957,SYRMA
1958,SYSTMTXC
1959,TAINWALCHM
1960,TAJGVK
1961,TAKE
1962,TALBROAUTO
1963,TANLA
1964,TARACHAND
1965,TARAPUR
1966,TARC
1967,TARIL
1968,TARMAT
1969,TARSONS
1970,TASTYBITE
1971,TATACAP
1972,TATACHEM
1973,TATACOMM
1974,TATACONSUM
1975,TATAELXSI
1976,TATAINVEST
1977,TATAPOWER
1978,TATASTEEL
1979,TATATECH
1980,TATVA
1981,TBOTEK
1982,TBZ
1983,TCI
1984,TCIEXP
1985,TCIFINANCE
1986,TCPLPACK
1987,TCS
1988,TDPOWERSYS
1989,TEAMGTY
1990,TEAMLEASE
1991,TECHM
1992,TECHNOE
1993,TECILCHEM
1994,TEGA
1995,TEJASNET
1996,TEMBO
1997,TENNIND
1998,TERASOFT
1999,TEXINFRA
2000,TEXMOPIPES
2001,TEXRAIL
2002,TFCILTD
2003,TFL
2004,TGBHOTELS
2005,THANGAMAYL
2006,THEINVEST
2007,THEJO
2008,THELEELA
2009,THEMISMED
2010,THERMAX
2011,THOMASCOOK
2012,THOMASCOTT
2013,THYROCARE
2014,TI
2015,TICL
2016,TIGERLOGS
2017,TIIL
2018,TIINDIA
2019,TIJARIA
2020,TIL
2021,TIMETECHNO
2022,TIMKEN
2023,TINNARUBR
2024,TIPSFILMS
2025,TIPSMUSIC
2026,TIRUMALCHM
2027,TIRUPATIFL
2028,TITAGARH
2029,TITAN
2030,TMB
2031,TMCV
2032,TMPV
2033,TNPETRO
2034,TNPL
2035,TNTELE
2036,TOKYOPLAST
2037,TOLINS
2038,TORNTPHARM
2039,TORNTPOWER
2040,TOTAL
2041,TOUCHWOOD
2042,TPHQ
2043,TPLPLASTEH
2044,TRACXN
2045,TRANSRAILL
2046,TRANSWORLD
2047,TRAVELFOOD
2048,TREEHOUSE
2049,TREJHARA
2050,TREL
2051,TRENT
2052,TRF
2053,TRIDENT
2054,TRIGYN
2055,TRITURBINE
2056,TRIVENI
2057,TRU
2058,TRUALT
2059,TSFINV
2060,TTKHLTCARE
2061,TTKPRESTIG
2062,TTL
2063,TTML
2064,TVSELECT
2065,TVSHLTD
2066,TVSMOTOR
2067,TVSSCS
2068,TVSSRICHAK
2069,TVTODAY
2070,TVVISION
2071,UBL
2072,UCAL
2073,UCOBANK
2074,UDS
2075,UEL
2076,UFBL
2077,UFLEX
2078,UFO
2079,UGARSUGAR
2080,UGROCAP
2081,UJJIVANSFB
2082,ULTRACEMCO
2083,UMAEXPORTS
2084,UMESLTD
2085,UMIYA-MRO
2086,UNICHEMLAB
2087,UNIDT
2088,UNIECOM
2089,UNIENTER
2090,UNIINFO
2091,UNIMECH
2092,UNIONBANK
2093,UNIPARTS
2094,UNITDSPR
2095,UNITECH
2096,UNITEDPOLY
2097,UNITEDTEA
2098,UNIVASTU
2099,UNIVCABLES
2100,UNIVPHOTO
2101,UNOMINDA
2102,UPL
2103,URAVIDEF
2104,URBANCO
2105,URJA
2106,USHAMART
2107,USK
2108,UTIAMC
2109,UTKARSHBNK
2110,UTLSOLAR
2111,UTTAMSUGAR
2112,UYFINCORP
2113,V2RETAIL
2114,VADILALIND
2115,VAIBHAVGBL
2116,VAISHALI
2117,VAKRANGEE
2118,VALIANTLAB
2119,VALIANTORG
2120,VARDHACRLC
2121,VARDMNPOLY
2122,VARROC
2123,VASCONEQ
2124,VASWANI
2125,VBL
2126,VCL
2127,VEDL
2128,VEEDOL
2129,VENKEYS
2130,VENTIVE
2131,VENUSPIPES
2132,VENUSREM
2133,VERANDA
2134,VERTOZ
2135,VESUVIUS
2136,VETO
2137,VGL
2138,VGUARD
2139,VHL
2140,VHLTD
2141,VIDHIING
2142,VIDYAWIRES
2143,VIJAYA
2144,VIJIFIN
2145,VIKASECO
2146,VIKASLIFE
2147,VIKRAMSOLR
2148,VIKRAN
2149,VIMTALABS
2150,VINATIORGA
2151,VINCOFE
2152,VINDHYATEL
2153,VINEETLAB
2154,VINNY
2155,VINYLINDIA
2156,VIPCLOTHNG
2157,VIPIND
2158,VIPULLTD
2159,VIRINCHI
2160,VISAKAIND
2161,VISASTEEL
2162,VISHNU
2163,VISHWARAJ
2164,VIVIDHA
2165,VIVIMEDLAB
2166,VIYASH
2167,VLEGOV
2168,VLSFINANCE
2169,VMART
2170,VMM
2171,VMSTMT
2172,VOLTAMP
2173,VOLTAS
2174,VPRPL
2175,VRAJ
2176,VRLLOG
2177,VSSL
2178,VSTIND
2179,VSTL
2180,VSTTILLERS
2181,VTL
2182,WAAREEENER
2183,WAAREEINDO
2184,WAAREERTL
2185,WABAG
2186,WAKEFIT
2187,WALCHANNAG
2188,WANBURY
2189,WCIL
2190,WEALTH
2191,WEBELSOLAR
2192,WEIZMANIND
2193,WEL
2194,WELCORP
2195,WELENT
2196,WELINV
2197,WELSPUNLIV
2198,WENDT
2199,WESTLIFE
2200,WEWIN
2201,WEWORK
2202,WHEELS
2203,WHIRLPOOL
2204,WILLAMAGOR
2205,WINDLAS
2206,WINDMACHIN
2207,WINSOME
2208,WIPL
2209,WIPRO
2210,WOCKPHARMA
2211,WONDERLA
2212,WORTHPERI
2213,WSI
2214,WSTCSTPAPR
2215,XCHANGING
2216,XELPMOC
2217,XPROINDIA
2218,XTGLOBAL
2219,YASHO
2220,YATHARTH
2221,YATRA
2222,YESBANK
2223,YUKEN
2224,ZAGGLE
2225,ZEEL
2226,ZEELEARN
2227,ZEEMEDIA
2228,ZENITHEXPO
2229,ZENITHSTL
2230,ZENSARTECH
2231,ZENTEC
2232,ZFCVINDIA
2233,ZIMLAB
2234,ZODIAC
2235,ZODIACLOTH
2236,ZOTA
2237,ZUARI
2238,ZUARIIND
2239,ZYDUSLIFE
2240,ZYDUSWELL
